amount,amountfinancedByXepelin,PayerId,ReceiverId,days
-0.18990523864970701,-0.14074491062696884,151,19,0
-0.19360576218432402,-0.14074491062696884,126,18,0
-0.17338981898837183,-0.14074491062696884,114,37,7
-0.01799677535200343,-0.06091695861069914,122,12,10
-0.18998960695196943,-0.14074491062696884,55,34,22
-0.14319154806612047,-0.13514496858160951,159,16,24
0.9885272597334035,0.4619143735746753,85,13,35
-0.025007651472620858,0.06336678883068883,99,42,36
-0.15651654792805594,-0.13682413926849898,125,44,36
-0.15241365249034136,-0.13324771589579915,47,79,36
-0.15817276260016092,-0.0923328315345794,145,89,36
-0.19616277072981525,-0.14074491062696884,16,38,37
-0.1848548222788916,-0.14074491062696884,186,38,38
-0.18990653662358797,-0.14074491062696884,179,109,38
-0.15792433039934517,-0.1360062938320448,93,11,42
-0.101281788613355,-0.11202569674193706,58,15,49
-0.18587762569708807,-0.14074491062696884,152,145,50
-0.1901817070863515,-0.14074491062696884,63,14,50
0.3868423164985292,0.5449109644604434,127,92,64
0.6569107035307742,-0.14074491062696884,21,21,65
-0.005623125446117582,-0.0356082163476226,104,35,65
-0.18219566318896882,-0.14074491062696884,21,36,65
0.5862656195169873,0.7780811417617881,42,28,65
0.10671618945750125,0.21738124390993235,129,58,65
-0.18990523864970701,-0.14074491062696884,153,98,70
-0.19315017335210705,-0.14074491062696884,76,14,71
-0.1943819505651381,-0.14074491062696884,37,68,73
-0.18990523864970701,-0.14074491062696884,8,133,73
-0.18990523864970701,-0.14074491062696884,110,129,73
-0.19162505404197902,-0.14074491062696884,112,101,73
-0.19013498002663692,-0.14074491062696884,28,135,73
1.3431925871271804,1.6630970479796396,11,85,74
0.26827240247283207,0.4062763743322373,96,149,79
-0.13128185892398375,-0.060891386713122116,1,11,79
-0.18990523864970701,-0.14074491062696884,82,58,80
-0.1901817070863515,-0.14074491062696884,155,93,84
-0.18990653662358797,-0.14074491062696884,79,100,85
-0.1945441973002581,-0.14074491062696884,200,104,85
0.15319559575557448,-0.1038984620535509,23,105,85
-0.19281529609081935,-0.14074491062696884,89,143,85
-0.1901817070863515,-0.14074491062696884,113,14,86
-0.18990523864970701,-0.14074491062696884,120,101,86
-0.1901817070863515,-0.14074491062696884,100,14,86
-0.146127564984852,-0.07824931761679339,150,98,88
3.549588079680985,0.09677871150460876,173,37,88
1.3974092806283505,0.07156641399470844,46,80,92
-0.18990653662358797,-0.14074491062696884,125,16,92
-0.19235062144143567,-0.14074491062696884,29,153,92
-0.19315017335210705,-0.14074491062696884,117,16,92
0.9112525794265313,1.1580631494598534,44,11,92
-0.18990653662358797,-0.14074491062696884,126,58,93
-0.1921805868630299,-0.14074491062696884,79,91,93
-0.19235062144143567,-0.14074491062696884,108,14,93
-0.18990523864970701,-0.14074491062696884,7,19,93
-0.15260185870308057,-0.08581920634760337,66,14,93
-0.1439443729170773,-0.13723222729570728,157,35,93
0.18985816599717104,-0.001062327984115406,80,58,93
-0.12836089850227134,-0.05747613458805901,154,64,93
-0.15817276260016092,-0.0923328315345794,55,65,93
0.17584809552086483,0.07849821938212047,66,67,93
-0.08737711361618278,-0.1307997947805633,196,68,93
-0.16063891297398494,-0.09521630959964335,21,71,93
0.06767469268688121,-0.06910975448456465,49,73,93
0.1554992397995023,0.2744194752769657,28,14,93
-0.15792433039934517,-0.09204235906002507,121,14,93
-0.1662882144934753,-0.12940001794197817,195,77,93
-0.16040865240750263,-0.14018005245022316,167,58,93
0.15461843472388284,0.2733896183217276,169,42,93
-0.16396951395252835,-0.1294318879626973,30,46,93
-0.19342664178875152,-0.14074491062696884,96,67,93
1.906374108663787,-0.08055253366176406,122,85,93
-0.19475317109509266,-0.14074491062696884,158,84,93
0.0819976397671928,-0.10228424550412708,74,80,93
-0.19199108267640974,-0.14074491062696884,60,81,93
-0.19009604081020812,-0.14074491062696884,10,16,93
-0.18990523864970701,-0.14074491062696884,41,83,93
-0.18990523864970701,-0.14074491062696884,49,13,93
-0.19429628428899473,-0.14074491062696884,87,79,93
-0.10571956131235728,-0.031003377758717185,31,85,93
-0.18990653662358797,-0.14074491062696884,191,87,93
-0.1901817070863515,-0.14074491062696884,156,89,93
-0.187114594805643,-0.14074491062696884,80,95,94
-0.19162505404197902,-0.14074491062696884,12,154,94
-0.1439443729170773,-0.14029994443292845,153,46,94
-0.0577835687250707,-0.08914476712864265,16,54,94
-0.18990523864970701,-0.14074491062696884,143,58,94
2.8942348369096464,3.476610267897474,9,34,95
-0.18990653662358797,-0.14074491062696884,59,14,95
-0.1848548222788916,-0.14074491062696884,106,21,95
-0.18990523864970701,-0.14074491062696884,57,15,95
-0.18361967033377005,-0.14074491062696884,185,16,95
-0.18990653662358797,-0.14074491062696884,13,17,95
-0.1901817070863515,-0.14074491062696884,118,28,95
-0.1848678020177012,-0.14074491062696884,104,104,95
-0.16570101110972899,-0.12683501244110038,153,18,95
-0.18990653662358797,-0.14074491062696884,184,36,95
3.512721078553137,1.7902896177406635,157,35,95
-0.18990653662358797,-0.14074491062696884,164,19,95
-0.18838790718286477,-0.14074491062696884,184,83,98
-0.19024141388487564,-0.14074491062696884,50,117,98
-0.1921805868630299,-0.14074491062696884,20,18,98
-0.18990653662358797,-0.14074491062696884,169,84,98
1.3481544816793143,1.6688986058465483,194,92,98
-0.19204300163164814,-0.14074491062696884,141,14,98
0.36019231677465824,0.09312883532225151,29,16,98
0.8838346983546843,-0.0814860976258294,185,36,98
0.20477162629462536,-0.014799293367081778,67,60,98
21.67609672868223,25.436782429666547,106,126,98
-0.08584887916874047,-0.0778124706899362,41,127,98
-0.18219566318896882,-0.14074491062696884,155,58,98
-0.19571496974088404,-0.14074491062696884,173,58,98
-0.18990653662358797,-0.14074491062696884,141,67,98
0.31954730307150014,0.4662281326410126,175,89,98
-0.17339111696225276,-0.14074491062696884,168,14,99
-0.18990523864970701,-0.14074491062696884,149,14,99
-0.07407184295723789,0.0059998409642381765,76,101,99
-0.1921286679077915,-0.14074491062696884,150,79,99
-0.17339111696225276,-0.14074491062696884,192,14,99
-0.18219566318896882,-0.14074491062696884,63,86,99
-0.19162505404197902,-0.14074491062696884,84,14,99
-0.19028684297070925,-0.14074491062696884,125,14,99
-0.1848548222788916,-0.14074491062696884,82,12,100
-0.17326780944356157,-0.14074491062696884,27,55,100
-0.03661750864825577,-0.1278986364421004,155,13,100
-0.1901817070863515,-0.14074491062696884,25,10,100
-0.08115878034727955,-0.10371376769538339,186,11,100
-0.18486650404382024,-0.14074491062696884,151,122,102
-0.18924456994429836,-0.14074491062696884,112,87,102
-0.19315017335210705,-0.14074491062696884,7,85,102
0.8432192135573184,1.078517019483943,35,58,102
-0.1790636522142123,-0.11675892598573953,170,42,102
-0.18990653662358797,-0.14074491062696884,121,43,105
-0.10119897787974977,-0.025717810703451548,26,54,105
-0.12965575724591707,-0.05899011233422101,56,58,106
-0.19276207916170002,-0.14074491062696884,148,14,107
-0.18219566318896882,-0.14074491062696884,12,36,108
-0.19799940377137365,-0.14074491062696884,163,14,108
-0.18990653662358797,-0.14074491062696884,153,14,109
-0.18990523864970701,-0.14074491062696884,156,99,112
-0.17326780944356157,-0.14074491062696884,166,58,112
-0.18990653662358797,-0.14074491062696884,102,87,112
0.010188987067819434,0.10451948425127466,74,84,113
-0.19308825999798523,-0.1372113600202364,130,68,115
0.8834357011836773,1.1255390345059666,164,17,115
-0.18990653662358797,-0.14074491062696884,163,143,115
-0.19185219947114704,-0.14074491062696884,18,118,116
-0.1901817070863515,-0.14074491062696884,61,109,119
0.18329353329682765,0.3069171836422569,86,101,119
-0.1901817070863515,-0.14074491062696884,176,100,119
-0.1901817070863515,-0.14074491062696884,200,106,119
-0.11402711334005373,-0.04071675302589365,16,105,119
-0.18990653662358797,-0.14074491062696884,90,104,119
-0.18734174023481098,-0.14074491062696884,175,145,119
-0.1905256701648059,-0.14074491062696884,194,14,119
-0.19721062504391426,-0.14074491062696884,89,58,119
-0.18200317366242244,-0.14074491062696884,22,42,119
-0.18858519921277067,-0.14074491062696884,160,54,119
-0.18990653662358797,-0.14074491062696884,38,79,119
-0.1625617314812391,-0.12108050079525327,199,17,119
-0.1921286679077915,-0.14074491062696884,31,91,119
-0.18990653662358797,-0.14074491062696884,59,16,119
1.4481380587166046,1.785801635894395,62,85,119
-0.18990653662358797,-0.14074491062696884,146,89,119
-0.15414904356918488,-0.11800178091278381,98,13,119
-0.10523768850905088,-0.03043996132100403,153,92,119
-0.033670588748924146,-0.07773901788027877,5,34,119
-0.19162505404197902,-0.14074491062696884,167,89,119
-0.18990653662358797,-0.14074491062696884,176,87,119
-0.19162375606809806,-0.14074491062696884,174,85,119
-0.17339111696225276,-0.14074491062696884,121,84,119
-0.18990653662358797,-0.14074491062696884,56,83,119
-0.18811273672010123,-0.14074491062696884,63,16,119
-0.18990653662358797,-0.14074491062696884,198,81,119
-0.18990523864970701,-0.14074491062696884,33,14,119
-0.19594860503945682,-0.14074491062696884,141,58,119
-0.18990523864970701,-0.14074491062696884,192,58,119
-0.18395013448386247,-0.14074491062696884,139,21,119
-0.1901817070863515,-0.14074491062696884,185,84,119
0.45086254182389607,0.6197648409334761,44,14,119
-0.08630394881140505,-0.14074491062696884,143,149,119
-0.18956776544065743,-0.14074491062696884,85,11,119
-0.19162505404197902,-0.14074491062696884,126,14,119
-0.1901817070863515,-0.14074491062696884,68,38,119
-0.18990653662358797,-0.14074491062696884,1,143,119
-0.18990523864970701,-0.14074491062696884,186,83,119
0.3314645204621464,-0.11082981215495265,148,44,119
-0.18990523864970701,-0.14074491062696884,191,80,119
-0.193151471325988,-0.14074491062696884,24,58,119
0.23748816124202127,0.3702827523370628,174,101,119
0.21956463461592665,0.3493261649271901,156,129,119
-0.15403222591989849,-0.08749162362534046,193,133,119
0.015549100006631913,0.11078664794468945,80,135,119
-0.1879452980894574,-0.14074491062696884,132,68,119
-0.18881273403410298,-0.139433914560387,71,87,119
-0.18990653662358797,-0.14074491062696884,152,16,119
2.1209900012628,0.1228644752252183,181,46,119
-0.18219696116284978,-0.14074491062696884,30,85,119
-0.19162505404197902,-0.14074491062696884,162,58,119
-0.18858519921277067,-0.14074491062696884,125,14,119
-0.18990523864970701,-0.14074491062696884,51,129,119
-0.18990523864970701,-0.14074491062696884,167,58,119
-0.19611643306226495,-0.14074491062696884,30,14,119
-0.19199108267640974,-0.14074491062696884,165,79,119
-0.18990653662358797,-0.14074491062696884,195,101,119
-0.19281529609081935,-0.14074491062696884,124,14,119
-0.19869031526820866,-0.14074491062696884,127,127,119
-0.1961666646514581,-0.14074491062696884,31,16,119
-0.1238439493965305,-0.05219481686888925,120,58,119
-0.18858519921277067,-0.14074491062696884,175,98,119
-0.18990523864970701,-0.14074491062696884,164,126,119
-0.18990653662358797,-0.14074491062696884,16,64,119
-0.18858519921277067,-0.14074491062696884,164,104,119
0.6661704491975429,0.27373442159350786,180,60,119
-0.19199108267640974,-0.14074491062696884,181,127,119
-0.17339111696225276,-0.14074491062696884,25,16,119
-0.18990653662358797,-0.14074491062696884,123,89,119
-0.1921286679077915,-0.14074491062696884,63,109,119
0.7246559191984141,0.9398901692179115,83,11,119
-0.18990523864970701,-0.14074491062696884,90,21,119
-0.19281529609081935,-0.14074491062696884,80,36,119
-0.18990653662358797,-0.14074491062696884,77,58,119
-0.19162505404197902,-0.14074491062696884,180,67,119
-0.19185219947114704,-0.14074491062696884,79,14,119
-0.1820018756885415,-0.14074491062696884,38,117,119
-0.1468803898358088,-0.07912953723665501,135,83,119
-0.19018300506023245,-0.14074491062696884,154,18,119
0.05910254868355106,-0.08762100073325978,47,58,119
-0.18219566318896882,-0.14074491062696884,198,92,119
-0.19235062144143567,-0.14074491062696884,83,58,119
-0.18990653662358797,-0.14074491062696884,26,98,119
0.06955675481427323,-0.025137472802356564,169,88,120
-0.19235062144143567,-0.14074491062696884,17,58,121
-0.18990523864970701,-0.14074491062696884,111,129,121
0.015729777970861523,-0.029372770912923528,131,97,122
-0.18734174023481098,-0.14074491062696884,16,14,122
-0.1901817070863515,-0.14074491062696884,32,83,122
1.5689805952104745,1.927093426940559,176,19,123
-0.19347726277010896,-0.14074491062696884,165,38,127
1.3481544816793143,1.6688986058465483,112,109,127
-0.1911551874970715,-0.14074491062696884,70,101,127
-0.1921286679077915,-0.14074491062696884,26,65,127
-0.19329944034841745,-0.14074491062696884,177,106,127
-0.18990523864970701,-0.14074491062696884,50,37,127
-0.19231947006829264,-0.14074491062696884,50,71,127
-0.18296367433433286,-0.14074491062696884,42,67,127
-0.18990653662358797,-0.14074491062696884,173,105,127
-0.19029722676175692,-0.14074491062696884,44,14,127
-0.19282178596022415,-0.14074491062696884,169,73,127
-0.193151471325988,-0.14074491062696884,22,68,127
-0.19333448564320335,-0.14074491062696884,136,104,127
-0.18839050313062666,-0.14074491062696884,5,14,128
-0.18990523864970701,-0.14074491062696884,134,19,128
-0.18990653662358797,-0.14074491062696884,84,14,128
-0.18990653662358797,-0.14074491062696884,134,92,128
-0.18794400011557644,-0.14074491062696884,77,83,128
-0.18990523864970701,-0.14074491062696884,84,14,128
-0.19386055445715644,-0.14074491062696884,40,14,128
-0.1933007383222984,-0.14074491062696884,21,77,128
-0.18990653662358797,-0.14074491062696884,199,58,128
-0.18990653662358797,-0.14074491062696884,101,14,128
-0.18990523864970701,-0.14074491062696884,187,125,129
-0.11810742403223964,-0.04548754336554366,16,64,129
-0.12862769703350269,-0.14074491062696884,2,67,129
0.01566351640423852,-0.14074491062696884,192,65,129
-0.1848548222788916,-0.14074491062696884,137,127,130
0.5549405774686746,0.7414552033793459,110,16,130
2.464750011703527,0.8843705443381447,101,87,130
-0.1842802092417906,-0.14074491062696884,56,118,130
-0.18745894727626167,-0.14074491062696884,136,116,130
-0.18990523864970701,-0.14074491062696884,73,58,130
0.9612213289087893,0.49415598355918783,105,115,130
-0.18858519921277067,-0.14074491062696884,16,14,130
-0.17326780944356157,-0.14074491062696884,112,126,130
-0.19315017335210705,-0.14074491062696884,98,129,130
-0.17090303082984054,-0.10721734530643952,37,16,130
-0.19307489086701135,-0.14074491062696884,52,14,130
-0.18990653662358797,-0.14074491062696884,196,79,130
-0.1901817070863515,-0.14074491062696884,122,101,130
-0.17339111696225276,-0.14074491062696884,136,46,130
-0.18990523864970701,-0.14074491062696884,145,85,130
-0.1923207680421736,-0.14074491062696884,8,14,130
-0.1944792986062101,-0.14074491062696884,127,58,130
-0.1923207680421736,-0.14074491062696884,9,14,130
8.351671414885152,1.3010818403429842,8,14,134
-0.18990523864970701,-0.14074491062696884,181,14,134
-0.1732665114696806,-0.14074491062696884,106,14,134
0.701967270860539,0.03608301585504692,18,12,134
0.1090789562117068,0.22014384353926877,66,14,134
0.24549192248287907,0.3796409286352245,94,19,134
-0.19231947006829264,-0.14074491062696884,16,16,134
-0.18401503317791046,-0.14074491062696884,55,114,134
-0.19233504575486415,-0.14074491062696884,87,77,136
-0.17338981898837183,-0.14074491062696884,152,83,136
-0.18990523864970701,-0.14074491062696884,79,67,136
-0.14876245196320084,-0.13760761061117754,111,14,136
1.1939910087003796,1.4886472320912847,152,46,136
4.105241806998881,4.892546648726228,175,64,136
8.139970252433223,9.610041208013651,7,21,136
-0.13128185892398375,-0.13089790891577718,147,67,136
-0.1892432719704174,-0.14074491062696884,38,82,137
-0.1921286679077915,-0.14074491062696884,191,118,137
-0.19199108267640974,-0.14074491062696884,85,86,137
-0.1879452980894574,-0.14074491062696884,171,125,137
-0.19192618398236175,-0.14074491062696884,134,103,137
-0.19276207916170002,-0.14074491062696884,84,95,137
-0.18990653662358797,-0.14074491062696884,18,55,137
-0.1947518731212117,-0.14074491062696884,98,115,137
-0.1923207680421736,-0.14074491062696884,7,14,140
-0.18990653662358797,-0.14074491062696884,1,97,140
-0.14078250854305865,-0.07199975831577583,123,14,141
-0.193151471325988,-0.14074491062696884,16,14,141
-0.1910513495865947,-0.14074491062696884,155,14,141
0.056470776842516515,-0.14074491062696884,153,14,141
-0.18990523864970701,-0.14074491062696884,195,14,141
-0.15403222591989849,-0.08749162362534046,75,14,141
0.0006732809517253815,-0.14074491062696884,102,16,141
0.030786274989997666,-0.0576426175058156,68,113,141
-0.0789224362490795,-0.13995028477703858,83,14,141
-0.1921805868630299,-0.14074491062696884,124,16,141
-0.19464543926297298,-0.14074491062696884,39,79,141
-0.19105394553435662,-0.14074491062696884,27,116,141
-0.18990523864970701,-0.14074491062696884,42,115,141
-0.1732665114696806,-0.14074491062696884,26,80,141
-0.18811533266786315,-0.14074491062696884,184,80,141
0.025516501033300016,-0.02985658817984056,127,14,142
-0.12256414714990395,-0.050698443515124494,183,109,143
0.08032215018295559,-0.026256641696609934,11,55,143
0.8265221424513428,-0.07048813288066692,29,14,144
-0.17339111696225276,-0.14074491062696884,42,14,144
-0.1275930171542954,-0.1296104359597261,100,73,144
-0.19185219947114704,-0.14074491062696884,29,14,144
-0.18858519921277067,-0.14074491062696884,33,14,144
-0.16040865240750263,-0.1343630907399669,188,68,144
0.01566351640423852,-0.14074491062696884,87,71,144
1.8696211994400758,0.6698654240759656,137,53,144
-0.18219566318896882,-0.14074491062696884,36,126,148
-0.1848678020177012,-0.14074491062696884,114,116,148
-0.18984332529558523,-0.1393905106274076,110,135,148
-0.18530041671222516,-0.12405109025028282,155,133,148
0.01557921300067018,-0.14074491062696884,28,127,148
-0.1865983905931852,-0.13690639427435503,69,101,148
-0.1930881950992912,-0.13315673457474622,198,58,148
-0.18990653662358797,-0.14074491062696884,190,16,148
-0.18984332529558523,-0.12936276037013747,124,129,148
-0.18990653662358797,-0.14074491062696884,85,81,149
-0.18990523864970701,-0.14074491062696884,89,58,151
-0.18990653662358797,-0.14074491062696884,148,129,151
-0.18801538867902923,-0.14074491062696884,170,14,151
-0.1901817070863515,-0.14074491062696884,80,145,151
-0.19276207916170002,-0.14074491062696884,128,14,151
-0.17339111696225276,-0.14074491062696884,38,14,151
-0.19359148447163346,-0.14074491062696884,27,81,151
-0.1892432719704174,-0.14074491062696884,52,58,154
-0.1867083289809025,-0.14074491062696884,122,98,154
-0.18990653662358797,-0.14074491062696884,30,21,154
-0.1943819505651381,-0.14074491062696884,92,113,154
-0.1921805868630299,-0.14074491062696884,1,42,154
-0.1921805868630299,-0.14074491062696884,85,58,154
-0.19315017335210705,-0.14074491062696884,90,21,154
-0.1921805868630299,-0.14074491062696884,122,98,154
-0.18990653662358797,-0.14074491062696884,154,58,154
1.3481544816793143,-0.11569856486781312,15,58,154
-0.18990653662358797,-0.14074491062696884,90,109,154
-0.18990523864970701,-0.14074491062696884,106,55,154
-0.18990653662358797,-0.14074491062696884,93,151,154
-0.1933007383222984,-0.14074491062696884,107,100,154
-0.18990523864970701,-0.14074491062696884,53,88,154
-0.1923337477809832,-0.14074491062696884,165,42,154
-0.19162505404197902,-0.14074491062696884,150,55,154
2.5973017003749255,0.8799658039507543,61,58,155
0.2073532314451608,-0.14074491062696884,97,54,155
-0.14184736631499825,-0.14074491062696884,49,46,155
-0.19920067859820215,-0.14074491062696884,155,60,155
-0.15884277671751248,-0.12376979937693568,70,44,155
1.6471012299942625,2.0184338168936,104,14,155
-0.10225007712855118,-0.14074491062696884,128,37,155
-0.11810742403223964,-0.04548754336554366,177,38,155
-0.07664468678407682,-0.14074491062696884,138,42,155
-0.191853497445028,-0.14074491062696884,118,16,156
-0.18990523864970701,-0.14074491062696884,36,14,156
-0.18990523864970701,-0.14074491062696884,82,14,156
-0.18990523864970701,-0.14074491062696884,185,14,156
-0.19162505404197902,-0.14074491062696884,57,14,156
-0.1901817070863515,-0.14074491062696884,105,14,156
-0.19162505404197902,-0.14074491062696884,178,14,156
0.18981403488521836,0.04959651168797083,67,14,156
-0.19013498002663692,-0.14074491062696884,194,14,156
-0.18990523864970701,-0.14074491062696884,12,14,156
-0.16250903374167214,-0.12507738079844047,166,11,157
-0.18990653662358797,-0.14074491062696884,110,65,158
-0.18990523864970701,-0.14074491062696884,112,35,158
-0.18990523864970701,-0.14074491062696884,31,85,158
-0.18924456994429836,-0.14074491062696884,37,43,158
-0.18990653662358797,-0.14074491062696884,72,16,158
-0.18990523864970701,-0.14074491062696884,77,14,158
-0.18990523864970701,-0.14074491062696884,64,37,158
-0.18990523864970701,-0.14074491062696884,137,58,161
-0.1921286679077915,-0.14074491062696884,188,14,161
-0.18990653662358797,-0.14074491062696884,193,58,161
3.244778967433987,0.3321350204652823,66,14,161
-0.193151471325988,-0.14074491062696884,61,14,161
-0.1457511525593736,-0.12198993460077408,196,14,161
-0.18990523864970701,-0.14074491062696884,99,118,161
-0.18990523864970701,-0.14074491062696884,36,99,161
-0.18877340542550988,-0.14074491062696884,179,125,161
-0.18839050313062666,-0.14074491062696884,87,10,161
-0.18698479741754698,-0.14074491062696884,102,81,161
-0.18990523864970701,-0.14074491062696884,82,117,161
-0.1899999907430171,-0.14074491062696884,175,58,161
1.6551413994024813,0.29296456445242447,80,88,161
-0.18990523864970701,-0.14074491062696884,38,91,161
-0.18990523864970701,-0.14074491062696884,31,89,161
-0.18990523864970701,-0.14074491062696884,84,11,161
-0.18543631457756168,-0.14074491062696884,92,127,161
-0.19143295390759693,-0.14074491062696884,2,16,161
-0.19313758300546172,-0.14074491062696884,10,16,161
-0.15403222591989849,-0.08749162362534046,141,14,161
-0.18990523864970701,-0.14074491062696884,182,91,162
-0.18990523864970701,-0.14074491062696884,51,17,162
-0.19162505404197902,-0.14074491062696884,61,79,162
-0.19396309439375228,-0.14074491062696884,29,54,162
-0.1947518731212117,-0.14074491062696884,53,58,162
-0.18990653662358797,-0.14074491062696884,48,58,162
-0.19162375606809806,-0.14074491062696884,146,58,162
-0.19199108267640974,-0.14074491062696884,90,85,162
-0.1879452980894574,-0.14074491062696884,4,89,162
-0.1892432719704174,-0.14074491062696884,118,58,162
-0.18745894727626167,-0.14074491062696884,147,95,162
-0.18990523864970701,-0.14074491062696884,192,46,162
-0.19396569034151423,-0.14074491062696884,175,58,162
-0.19496772617761535,-0.14074491062696884,100,58,162
-0.18990523864970701,-0.14074491062696884,151,67,162
-0.1901817070863515,-0.14074491062696884,32,79,162
-0.1928165940647003,-0.14074491062696884,143,58,162
-0.1945441973002581,-0.14074491062696884,20,81,162
-0.18990523864970701,-0.14074491062696884,6,80,162
-0.18990653662358797,-0.14074491062696884,83,83,162
-0.19276207916170002,-0.14074491062696884,67,84,162
-0.18990653662358797,-0.14074491062696884,169,85,162
-0.1901817070863515,-0.14074491062696884,184,87,162
-0.18990653662358797,-0.14074491062696884,194,89,162
-0.18990523864970701,-0.14074491062696884,111,34,162
-0.16935221163686953,-0.134856393132098,104,92,162
-0.1901817070863515,-0.14074491062696884,175,13,162
-0.19018300506023245,-0.14074491062696884,24,16,162
-0.18990523864970701,-0.14074491062696884,18,14,163
-0.18990653662358797,-0.14074491062696884,119,14,163
-0.19196642117267151,-0.14074491062696884,155,11,163
-0.18839050313062666,-0.14074491062696884,181,149,163
-0.15884277671751248,-0.1357042115642285,129,28,163
-0.15626058747873064,-0.12504687663575215,129,34,163
-0.08930025661690717,-0.14074491062696884,116,21,163
-0.17153767515893595,-0.14074491062696884,71,18,163
-0.14349722091508654,-0.14074491062696884,52,19,163
-0.18990653662358797,-0.14074491062696884,159,83,164
-0.18990523864970701,-0.14074491062696884,127,16,164
-0.12219149884868034,-0.05026273480329299,141,38,164
-0.18543501660368072,-0.14074491062696884,183,100,164
-0.18990523864970701,-0.14074491062696884,179,14,164
-0.18990523864970701,-0.14074491062696884,123,109,164
-0.18924456994429836,-0.14074491062696884,101,106,164
-0.18990653662358797,-0.14074491062696884,13,105,164
-0.18990523864970701,-0.14074491062696884,185,104,164
-0.19047894310509134,-0.14074491062696884,106,101,164
-0.19190282045250448,-0.14074491062696884,142,92,164
-0.12557934047537406,-0.14074491062696884,184,17,164
1.078334526847885,1.3534190918919429,70,15,164
-0.10251642136892418,-0.027258195038209393,43,16,164
-0.18990523864970701,-0.14074491062696884,133,14,164
-0.10854654842508821,-0.1232038029851643,171,16,164
-0.03440082885435225,0.05238407616687055,8,154,164
-0.09418265026883231,-0.09911674484965433,58,10,164
-0.12543240983204937,-0.12872991281585763,142,13,164
-0.193151471325988,-0.14074491062696884,12,83,165
1.3008093268026408,1.6135415939534508,163,16,165
-0.19162505404197902,-0.14074491062696884,197,84,165
-0.19162505404197902,-0.14074491062696884,100,14,165
-0.1879452980894574,-0.14074491062696884,81,67,165
-0.18990653662358797,-0.14074491062696884,151,58,165
-0.19315017335210705,-0.14074491062696884,37,21,165
-0.06632813078343044,0.015053962088538977,87,14,165
-0.18990653662358797,-0.14074491062696884,124,117,165
-0.10571956131235728,-0.031003377758717185,75,11,168
0.5999218623133439,0.22516306827852453,67,18,168
-0.17339111696225276,-0.14074491062696884,30,14,168
-0.19506896814033023,-0.14074491062696884,27,135,169
-0.1951182911478067,-0.14074491062696884,180,68,169
-0.18219566318896882,-0.14074491062696884,70,81,169
-0.19496772617761535,-0.14074491062696884,151,16,169
-0.1901817070863515,-0.14074491062696884,114,87,169
-0.15690048860204392,-0.09084526037701325,37,79,169
-0.19196512319879055,-0.14074491062696884,48,80,169
-0.18990523864970701,-0.14074491062696884,156,16,169
-0.17326780944356157,-0.14074491062696884,190,83,169
-0.14231827123901056,-0.07379540634029357,9,13,170
0.06155799077285715,-0.03618248376858059,145,15,170
0.11911521475275984,0.00010047248612247142,131,17,170
0.13930597725542143,-0.06836005018764801,156,21,170
-0.16250903374167214,-0.12293457719108938,16,18,170
-0.1879452980894574,-0.14074491062696884,18,14,172
2.824970991801283,3.3956254341290997,143,87,172
-0.0640320149880122,0.01773863192911693,23,68,172
9.195143192260032,3.0478643209020797,109,135,172
-0.19047894310509134,-0.14074491062696884,97,133,172
-0.19315017335210705,-0.14074491062696884,138,44,172
-0.18990523864970701,-0.14074491062696884,86,80,172
0.026969452995646636,-0.044079116092763354,15,129,172
-0.193151471325988,-0.14074491062696884,144,58,172
-0.17338981898837183,-0.14074491062696884,37,46,172
-0.18990653662358797,-0.14074491062696884,162,14,172
-0.18990653662358797,-0.14074491062696884,44,14,172
-0.18990653662358797,-0.14074491062696884,17,14,172
-0.18990523864970701,-0.14074491062696884,39,101,172
-0.18990523864970701,-0.14074491062696884,57,16,172
-0.1930969564229877,-0.14074491062696884,107,89,172
-0.19218188483691087,-0.14074491062696884,190,87,172
-0.19496772617761535,-0.14074491062696884,49,85,172
-0.18990523864970701,-0.14074491062696884,190,122,172
-0.18486650404382024,-0.14074491062696884,134,93,172
-0.19162375606809806,-0.14074491062696884,1,53,172
-0.19556219821509505,-0.14074491062696884,30,84,172
-0.19396569034151423,-0.14074491062696884,166,81,172
-0.19496772617761535,-0.14074491062696884,143,117,172
-0.1929441848971987,-0.14074491062696884,13,58,172
-0.19496772617761535,-0.14074491062696884,76,88,172
-0.18990523864970701,-0.14074491062696884,134,16,172
-0.1949106153268531,-0.14074491062696884,146,91,172
-0.18990523864970701,-0.14074491062696884,133,99,172
-0.1949339788567104,-0.14074491062696884,160,125,172
-0.09297813050730143,-0.10916710764543472,113,14,172
-0.1915903981393574,-0.14074491062696884,89,116,172
-0.19496772617761535,-0.14074491062696884,149,103,172
-0.18986279490379962,-0.14074491062696884,158,14,172
-0.18990523864970701,-0.14074491062696884,115,86,172
-0.18990653662358797,-0.14074491062696884,19,55,172
-0.18990653662358797,-0.14074491062696884,119,82,172
-0.19021843974718267,-0.14074491062696884,102,37,172
-0.19253272717693437,-0.14074491062696884,147,65,172
0.04573737652999987,0.14608345470114065,42,35,172
-0.19550638533821374,-0.14074491062696884,151,87,172
-0.1894587356346568,-0.14074491062696884,9,43,172
-0.19064287720625658,-0.14074491062696884,9,14,172
-0.1949106153268531,-0.14074491062696884,37,16,172
-0.18990653662358797,-0.14074491062696884,120,84,172
-0.18990653662358797,-0.14074491062696884,44,85,172
-0.18219696116284978,-0.14074491062696884,139,95,172
-0.18414521995817076,-0.1227004084198055,156,14,172
-0.1901817070863515,-0.14074491062696884,95,16,172
-0.19636564404740928,-0.14074491062696884,197,99,172
-0.19404616472213373,-0.14074491062696884,81,14,172
-0.18990653662358797,-0.14074491062696884,72,16,175
-0.19496772617761535,-0.14074491062696884,10,19,175
-0.18990653662358797,-0.14074491062696884,94,127,175
-0.1867083289809025,-0.14074491062696884,78,60,175
-0.19020935393001595,-0.14074491062696884,197,14,175
-0.18990523864970701,-0.14074491062696884,163,88,175
-0.19396569034151423,-0.14074491062696884,59,113,175
-0.1910513495865947,-0.14074491062696884,75,64,175
-0.19490931735297212,-0.14074491062696884,4,14,175
-0.18990523864970701,-0.14074491062696884,152,14,175
-0.18990523864970701,-0.14074491062696884,96,126,175
0.3785913561320426,0.06577783177909258,40,127,175
-0.1936226358447765,-0.14074491062696884,79,126,175
-0.19496772617761535,-0.14074491062696884,149,143,175
-0.18219566318896882,-0.14074491062696884,102,14,175
-0.18990523864970701,-0.14074491062696884,71,97,175
-0.19496772617761535,-0.14074491062696884,6,14,175
-0.18990653662358797,-0.14074491062696884,103,14,175
-0.19496772617761535,-0.14074491062696884,125,14,175
-0.18990653662358797,-0.14074491062696884,191,101,175
-0.1951702101030451,-0.14074491062696884,165,14,175
-0.1949106153268531,-0.14074491062696884,31,14,175
-0.18990653662358797,-0.14074491062696884,153,89,175
-0.18990523864970701,-0.14074491062696884,183,37,175
-0.18990523864970701,-0.14074491062696884,31,36,175
-0.19162505404197902,-0.14074491062696884,105,85,175
-0.18990653662358797,-0.14074491062696884,86,35,175
-0.16250903374167214,-0.09740289654498237,112,28,175
-0.19183143188905166,-0.14074491062696884,45,58,175
-0.19662264287583936,-0.14074491062696884,177,14,175
-0.18990523864970701,-0.14074491062696884,52,58,175
-0.18990523864970701,-0.14074491062696884,161,14,175
-0.1901817070863515,-0.14074491062696884,194,129,175
-0.18990523864970701,-0.14074491062696884,29,14,175
-0.1930181694084134,-0.14074491062696884,140,16,175
-0.19496772617761535,-0.14074491062696884,165,109,176
-0.1949106153268531,-0.14074491062696884,189,64,176
-0.19880323899585217,-0.14074491062696884,157,58,176
-0.19496772617761535,-0.14074491062696884,144,21,176
-0.1936226358447765,-0.14074491062696884,39,14,176
-0.1912590254075483,-0.14074491062696884,32,101,176
-0.19059835670213965,-0.14074491062696884,126,79,176
-0.19500017552463933,-0.14074491062696884,113,44,176
-0.18990523864970701,-0.14074491062696884,61,16,176
-0.0219856437842757,-0.14074491062696884,190,104,176
-0.18990523864970701,-0.14074491062696884,154,80,176
-0.18907583333977357,-0.14074491062696884,14,18,176
-0.18990523864970701,-0.14074491062696884,142,104,176
-0.19396569034151423,-0.14074491062696884,99,58,176
-0.18990523864970701,-0.14074491062696884,143,38,176
-0.18990653662358797,-0.14074491062696884,136,60,176
-0.18990523864970701,-0.14074491062696884,139,109,176
-0.1879452980894574,-0.14074491062696884,110,106,176
-0.19496772617761535,-0.14074491062696884,143,126,176
-0.19667157649115155,-0.14074491062696884,171,105,176
-0.1901817070863515,-0.14074491062696884,63,98,176
-0.1732665114696806,-0.14074491062696884,40,104,176
-0.18219566318896882,-0.14074491062696884,23,101,176
-0.1879452980894574,-0.14074491062696884,45,99,177
0.2775622611336391,-0.03974919437306127,28,87,178
0.2143099171562481,0.343182231980556,8,16,178
0.34561632968625344,0.026208848745242277,162,46,178
-0.033670588748924146,0.05323788919813633,88,104,178
-0.07756027755970601,0.0019210853602035075,128,44,178
-0.12256414714990395,-0.050698443515124494,47,80,178
-0.16063891297398494,-0.12149230699154542,104,58,178
-0.18990653662358797,-0.14074491062696884,52,58,178
0.15997101941418576,-0.0017350130642941513,116,101,178
-0.16063891297398494,-0.14074491062696884,140,129,178
0.34561632968625344,-0.13387669351899165,176,85,178
-0.023153625581057574,0.06553455728760323,187,135,178
0.462907739439205,0.033928981859442445,82,68,178
4.0734992067530635,0.6212244878824121,184,14,178
0.34561632968625344,-0.14074491062696884,140,58,178
-0.19313628503158078,-0.14074491062696884,155,129,178
-0.11662435907585472,-0.12325676792435943,92,133,178
-0.18990653662358797,-0.14074491062696884,137,126,179
0.14491452239504962,0.2620435874217113,162,42,179
-0.19486998874437905,-0.14074491062696884,187,55,182
-0.1879452980894574,-0.14074491062696884,174,82,182
-0.1921805868630299,-0.14074491062696884,145,42,183
-0.18625663407032841,-0.14074491062696884,138,44,183
-0.1901817070863515,-0.14074491062696884,169,38,183
-0.19218188483691087,-0.14074491062696884,100,37,183
-0.17090549698021434,-0.14074491062696884,89,36,183
-0.1921805868630299,-0.14074491062696884,163,35,183
-0.18401503317791046,-0.14074491062696884,164,34,183
0.9612213289087893,1.2164877267281688,63,28,183
-0.18543631457756168,-0.14074491062696884,132,21,183
-0.1921805868630299,-0.14074491062696884,71,19,183
-0.18990653662358797,-0.14074491062696884,158,18,183
-0.18990523864970701,-0.14074491062696884,148,17,183
-0.1880166866529102,-0.14074491062696884,171,16,183
-0.19465322710625874,-0.14074491062696884,161,11,183
-0.18990653662358797,-0.14074491062696884,107,15,183
-0.1921805868630299,-0.14074491062696884,112,14,183
-0.1848548222788916,-0.14074491062696884,51,38,183
-0.1921805868630299,-0.14074491062696884,49,10,183
-0.1754186819617004,-0.14074491062696884,114,36,183
-0.18990653662358797,-0.14074491062696884,122,54,183
-0.18990523864970701,-0.14074491062696884,100,16,183
-0.18990523864970701,-0.14074491062696884,79,87,183
-0.1921805868630299,-0.14074491062696884,166,13,183
-0.16570101110972899,-0.10113502773319566,173,35,183
-0.17339111696225276,-0.14074491062696884,110,46,183
-0.18990653662358797,-0.14074491062696884,199,46,183
-0.1867083289809025,-0.14074491062696884,145,44,183
-0.193475964796228,-0.14074491062696884,7,46,183
-0.1921805868630299,-0.14074491062696884,130,73,183
-0.19000388466465998,-0.14074491062696884,76,42,183
-0.1943456072964712,-0.14074491062696884,8,68,183
-0.19218188483691087,-0.14074491062696884,95,55,183
-0.18698609539142796,-0.14074491062696884,59,154,183
1.2436917265762193,1.5467584208225285,197,16,183
-0.194168174266944,-0.14074491062696884,107,58,183
-0.193475964796228,-0.14074491062696884,88,60,183
-0.1921805868630299,-0.14074491062696884,106,71,183
-0.18858519921277067,-0.14074491062696884,13,12,183
-0.1921805868630299,-0.14074491062696884,34,64,183
-0.1732665114696806,-0.14074491062696884,172,65,183
-0.19218188483691087,-0.14074491062696884,68,67,183
-0.18990653662358797,-0.14074491062696884,121,88,184
-0.19771294093584577,-0.14074491062696884,152,125,184
0.058806415942610005,0.16136406730193845,11,55,185
-0.19223120784438735,-0.14074491062696884,76,153,185
0.254712728933219,0.39042210135849514,28,125,185
-0.11381664687525607,-0.14074491062696884,156,42,185
-0.11345496645332659,-0.04004778611479882,180,16,185
-0.13498575719069125,-0.06522206724284133,104,114,185
0.2652912160630431,-0.14074491062696884,6,99,185
-0.14769344067484216,-0.13668914696645296,67,21,185
-0.006072029712847614,0.08550674046226353,94,37,185
-0.033715758239981575,0.05318507602094461,9,151,185
-0.19454289932637714,-0.14074491062696884,27,126,185
-0.18706825713809272,-0.14074491062696884,44,17,186
-0.18990523864970701,-0.14074491062696884,129,91,186
-0.10484265015838069,-0.1130987299871494,16,16,186
-0.15690048860204392,-0.09084526037701325,52,85,186
-0.18990523864970701,-0.14074491062696884,73,89,186
0.18534121689143018,-0.04496176390467977,192,79,186
-0.19329944034841745,-0.14074491062696884,82,85,189
-0.1921805868630299,-0.14074491062696884,100,89,189
-0.19218188483691087,-0.14074491062696884,5,92,189
-0.1921805868630299,-0.14074491062696884,16,13,189
-0.18990523864970701,-0.14074491062696884,122,127,190
-0.19162505404197902,-0.14074491062696884,147,87,190
1.2119383531471897,1.5096316678287856,96,89,190
0.4700972167658425,0.6422544522209407,11,34,190
-0.18990523864970701,-0.14074491062696884,49,122,190
-0.1876688296528129,-0.14074491062696884,182,93,190
-0.19333318766932242,-0.14074491062696884,153,84,190
-0.18990523864970701,-0.14074491062696884,103,103,190
-0.18990523864970701,-0.14074491062696884,53,55,190
-0.19162505404197902,-0.14074491062696884,196,82,190
-0.18485612025277257,-0.14074491062696884,74,97,190
-0.18990523864970701,-0.14074491062696884,73,14,190
-0.18543631457756168,-0.14074491062696884,125,143,190
-0.1901817070863515,-0.14074491062696884,7,16,190
-0.18990523864970701,-0.14074491062696884,173,104,190
-0.18990523864970701,-0.14074491062696884,101,126,190
-0.18990523864970701,-0.14074491062696884,145,58,192
-0.18990653662358797,-0.14074491062696884,27,80,192
-0.11345496645332659,-0.09138826482526582,89,16,192
-0.19231947006829264,-0.14074491062696884,46,36,192
-0.1901817070863515,-0.14074491062696884,114,58,192
-0.18990523864970701,-0.14074491062696884,134,16,192
-0.1905256701648059,-0.14074491062696884,99,58,192
-0.1921805868630299,-0.14074491062696884,199,79,192
-0.19417816866582735,-0.14074491062696884,165,67,192
-0.18990523864970701,-0.14074491062696884,185,95,193
-0.18839180110450765,-0.14074491062696884,140,37,193
0.07116779999532079,0.17581727346006634,56,65,193
-0.19486998874437905,-0.14074491062696884,93,35,193
-0.19281529609081935,-0.14074491062696884,82,43,193
-0.18990523864970701,-0.14074491062696884,71,16,193
-0.1901817070863515,-0.14074491062696884,109,14,193
-0.19475317109509266,-0.14074491062696884,35,103,193
-0.1879452980894574,-0.14074491062696884,62,125,193
-0.18990653662358797,-0.14074491062696884,40,115,193
-0.18990523864970701,-0.14074491062696884,94,91,193
-0.18990653662358797,-0.14074491062696884,59,10,193
-0.19018300506023245,-0.14074491062696884,36,16,193
-0.18998960695196943,-0.14074491062696884,83,88,193
-0.18990523864970701,-0.14074491062696884,101,58,193
-0.18670703100702155,-0.14074491062696884,190,117,193
-0.18990523864970701,-0.14074491062696884,55,84,193
-0.18990653662358797,-0.14074491062696884,198,99,193
-0.19315017335210705,-0.14074491062696884,121,58,193
-0.18734044226093002,-0.14074491062696884,180,99,193
1.8625015531082338,0.0633062357913225,67,53,193
-0.1905256701648059,-0.14074491062696884,179,98,193
-0.18486650404382024,-0.14074491062696884,8,83,193
-0.18858519921277067,-0.14074491062696884,22,55,196
-0.18990523864970701,-0.14074491062696884,88,99,196
-0.18990653662358797,-0.14074491062696884,178,58,196
-0.19018300506023245,-0.14074491062696884,20,87,196
-0.18990653662358797,-0.14074491062696884,101,85,196
1.6003210831479708,1.9637374250014088,93,86,196
-0.19110197056795214,-0.14074491062696884,146,122,196
-0.19162505404197902,-0.14074491062696884,112,93,196
-0.19315017335210705,-0.14074491062696884,23,53,196
-0.18990523864970701,-0.14074491062696884,176,98,196
-0.18265216060290246,-0.14074491062696884,54,126,196
-0.18990523864970701,-0.14074491062696884,110,84,196
-0.18990523864970701,-0.14074491062696884,185,117,196
-0.1866888593726881,-0.14074491062696884,162,18,196
-0.19486998874437905,-0.14074491062696884,179,16,196
-0.18956776544065743,-0.14074491062696884,108,106,196
-0.18990523864970701,-0.14074491062696884,148,58,196
0.33016966171850076,0.4786480314772602,135,91,196
-0.18990523864970701,-0.14074491062696884,87,34,196
-0.15260185870308057,-0.13649527100707828,16,60,196
-0.19185219947114704,-0.14074491062696884,55,17,196
-0.15854164677712976,-0.12160453499307777,99,16,196
-0.19162505404197902,-0.14074491062696884,81,81,196
-0.17339111696225276,-0.14074491062696884,10,42,196
0.284187119822059,0.42488421709611207,146,55,196
-0.18734174023481098,-0.14074491062696884,1,58,196
-0.18990523864970701,-0.14074491062696884,133,104,196
-0.18990653662358797,-0.14074491062696884,64,21,196
-0.1899779251870408,-0.14074491062696884,135,114,196
-0.18104825427820018,-0.14074491062696884,165,16,196
-0.18990523864970701,-0.14074491062696884,96,99,196
0.8265221424513428,1.0589944312444275,67,38,196
2.812805342209821,3.381401085072136,27,42,196
-0.17339111696225276,-0.14074491062696884,59,44,196
-0.13498575719069125,-0.10731690118068592,81,46,196
-0.19162505404197902,-0.14074491062696884,112,37,196
-0.1931505627442713,-0.14074491062696884,44,151,196
-0.17804733866542063,-0.13452251672456425,27,58,196
-0.18990523864970701,-0.14074491062696884,12,64,196
-0.18858519921277067,-0.14074491062696884,85,65,196
-0.1905256701648059,-0.14074491062696884,192,67,196
-0.18990653662358797,-0.14074491062696884,151,68,196
-0.1901817070863515,-0.14074491062696884,116,71,196
-0.19282178596022415,-0.14074491062696884,109,73,196
-0.09794677452361635,-0.021915261945649318,103,14,196
-0.19276207916170002,-0.14074491062696884,157,14,196
-0.18811143874622027,-0.14074491062696884,111,77,196
-0.1901817070863515,-0.14074491062696884,135,35,196
-0.193151471325988,-0.14074491062696884,180,60,196
-0.18990523864970701,-0.14074491062696884,18,54,196
-0.18990523864970701,-0.14074491062696884,53,10,196
-0.19218188483691087,-0.14074491062696884,171,34,196
-0.1921195820906248,-0.14074491062696884,161,16,196
-0.1923337477809832,-0.14074491062696884,48,17,196
-0.19013498002663692,-0.14074491062696884,165,79,196
-0.1921805868630299,-0.14074491062696884,12,16,196
-0.19051139245211532,-0.14074491062696884,58,83,196
-0.18990523864970701,-0.14074491062696884,189,10,197
-0.18990523864970701,-0.14074491062696884,125,143,197
-0.18990653662358797,-0.14074491062696884,38,14,197
-0.1848548222788916,-0.14074491062696884,150,145,197
-0.1901817070863515,-0.14074491062696884,118,14,197
-0.18990653662358797,-0.14074491062696884,118,92,197
-0.19125772743366734,-0.14074491062696884,155,13,197
-0.18990653662358797,-0.14074491062696884,4,16,197
0.08423683940793097,-0.10027522010279462,75,10,197
-0.19276207916170002,-0.14074491062696884,187,16,197
-0.010920221753009458,0.07983812611035465,39,154,197
2.8472466248502366,3.421670601513793,43,91,197
0.46103320556032257,0.13354290507217068,65,55,197
-0.18990523864970701,-0.14074491062696884,75,37,198
-0.16171103939965792,-0.09646986374792905,120,65,198
-0.19162505404197902,-0.14074491062696884,164,35,198
-0.011371916663583533,-0.12412993061106181,13,14,198
-0.19110197056795214,-0.14074491062696884,192,43,198
-0.1901817070863515,-0.14074491062696884,20,16,198
-0.17326780944356157,-0.14074491062696884,63,14,198
-0.1901817070863515,-0.14074491062696884,24,117,204
-0.19342664178875152,-0.14074491062696884,169,88,204
0.9267682996047512,-0.0684332753543003,40,125,206
-0.18990523864970701,-0.14074491062696884,73,14,210
-0.18990523864970701,-0.14074491062696884,110,14,210
-0.18990523864970701,-0.14074491062696884,188,14,210
0.06834366842512801,0.17251523578955788,44,14,210
-0.11259674612323582,-0.09713670599097594,160,35,210
-0.19493748338618896,-0.14074491062696884,70,14,211
-0.19162375606809806,-0.14074491062696884,55,14,211
0.4084032202299322,0.5701204543732804,87,35,211
-0.18990523864970701,-0.14074491062696884,95,14,211
-0.16440615236608327,-0.09962104998703367,116,99,211
1.4342927011257922,1.7696133347511156,78,16,211
-0.18587632772320714,-0.14074491062696884,114,21,211
-0.18990653662358797,-0.14074491062696884,75,126,211
-0.18486650404382024,-0.14074491062696884,163,46,211
0.11434983344620325,0.03697696993621847,134,58,211
-0.19347726277010896,-0.14074491062696884,184,42,211
-0.187114594805643,-0.14074491062696884,156,58,211
-0.18990653662358797,-0.14074491062696884,184,54,212
-0.19218188483691087,-0.14074491062696884,31,16,213
-0.18990523864970701,-0.14074491062696884,84,85,213
-0.1901817070863515,-0.14074491062696884,131,84,213
-0.19059835670213965,-0.14074491062696884,19,64,217
-0.18990523864970701,-0.14074491062696884,57,21,217
-0.1901817070863515,-0.14074491062696884,81,98,217
-0.18990523864970701,-0.14074491062696884,95,109,217
-0.11499825739778802,-0.1404992079434247,181,126,217
0.18435501633667672,0.30815829330626177,111,11,217
-0.1901817070863515,-0.14074491062696884,60,58,217
-0.16975601131123616,-0.10587622448217791,80,55,217
-0.18990653662358797,-0.14074491062696884,199,104,217
-0.1880166866529102,-0.14074491062696884,17,44,217
-0.193151471325988,-0.14074491062696884,177,14,217
-0.19151732220985934,-0.14074491062696884,136,80,217
-0.18990523864970701,-0.14074491062696884,34,16,217
-0.1672819432967383,-0.13261183310145083,35,126,217
-0.10854486105904294,-0.0343067812872565,73,153,217
-0.10011491009437196,-0.024450294450850802,151,16,217
-0.10854654842508821,-0.03430875419330102,83,12,217
-0.19105264756047566,-0.14074491062696884,65,58,217
1.1066181564983324,0.3272531403391256,32,80,217
-0.18990523864970701,-0.14074491062696884,2,42,218
-0.18990523864970701,-0.14074491062696884,115,11,218
0.36224752861777026,0.516154189479564,66,36,218
-0.187114594805643,-0.14074491062696884,98,58,218
-0.11422284780130253,-0.04094561012705768,130,54,218
-0.18587762569708807,-0.14074491062696884,47,127,219
-0.18990653662358797,-0.14074491062696884,15,16,219
-0.18990523864970701,-0.14074491062696884,181,89,219
-0.18990523864970701,-0.14074491062696884,81,58,219
-0.18990653662358797,-0.14074491062696884,129,42,219
-0.1950014734985203,-0.14074491062696884,62,46,219
-0.19799940377137365,-0.14074491062696884,136,67,219
-0.18670703100702155,-0.14074491062696884,36,60,219
-0.18485612025277257,-0.14074491062696884,93,125,221
-0.1867083289809025,-0.14074491062696884,6,118,221
0.015880342941052866,-0.0325236536280213,61,116,221
-0.18990523864970701,-0.14074491062696884,123,98,221
-0.18401503317791046,-0.14074491062696884,146,58,224
-0.18839050313062666,-0.14074491062696884,167,21,224
-0.18990653662358797,-0.14074491062696884,123,58,224
-0.19333448564320335,-0.14074491062696884,123,85,231
-0.1901817070863515,-0.14074491062696884,189,127,231
-0.18990523864970701,-0.14074491062696884,96,14,231
-0.18587762569708807,-0.14074491062696884,103,101,231
-0.19276207916170002,-0.14074491062696884,86,79,231
-0.18990523864970701,-0.14074491062696884,36,98,233
-0.18990523864970701,-0.14074491062696884,164,113,234
-0.10878745237739436,-0.14074491062696884,17,16,234
-0.19282048798634321,-0.14074491062696884,58,14,234
-0.18990523864970701,-0.14074491062696884,184,14,234
